code promax;name;code referencia NF matriz caico;code referencia NF filail pau dos ferros;compõe um palete
1164;SUKITA UVA LATA 350ML SH C/12 NPAL;25090;25090;286
1166;SUKITA UVA PET 2L CAIXA C/6;25091;25091;100
12948;BRAHMA CHOPP ZERO LATA 350ML SH C/12 NPAL;25497;25497;286
12951;BRAHMA CHOPP ZERO LN 355ML SIXPACK CX CART C/04;25500;#N/D;84
13061;H2OH LIMONETO PET 500ML SHRINK C/12 NPAL;25527;25527;168
13065;H2OH LIMONETO PET 1,5 SHRINK C/06 NPAL;25528;25528;115
13196;SKOL ONE WAY 300ML CX C/23;25541;25541;90
13201;BRAHMA CHOPP GFA VD 300ML CX C/23;25543;25543;90
13205;SKOL GFA VD 300ML CX C/23;25540;25540;90
13486;FUSION PET 1L SH C/06;25567;25567;150
13566;SKOL BEATS SENSES LATA 269ML CX C/8 FRIDGE PACK;25575;25575;520
1388;SKOL GFA VD 1L 2,99;25106;25106;50
1695;BRAHMA CHOPP GFA VD 1L COM TTC;25117;25117;50
1699;STELLA ARTOIS LATA 269ML CX C/8 FRIDGE PACK;#N/D;25119;520
1745;SKOL LATA 269ML SH C15 NPAL;25127;25127;299
17808;BUDWEISER OW 330ML CX C/24;26052;26052;84
18152;GUARANA CHP ANTARCTICA PET 200ML SH C/12;26091;26091;400
18266;PEPSI COLA PET 200ML SH C/12;26108;26108;400
18267;SODA LIMONADA ANTARCTICA PET 200ML SH C/12;#N/D;26106;400
18268;SUKITA PET 200ML SH C/12;26107;26107;400
18780;CORONITA EXTRA N OW 210ML CX C/4 SIX PACK;26194;26194;104
18807;STELLA ARTOIS LONG NECK 330ML SIX-PACK SHRINK C/4;26197;26197;84
18836;CORONA EXTRA N LONG NECK 330ML CX C/24 NPAL;26207;26207;84
18856;SKOL LATA 269ML SH C/15 MULTIPACK 15;26216;26216;299
19164;GUARANA CHP ANTARCTICA PET 1L PACK C/2 MULTIPACK;26237;26237;525
19229;RED BULL BR LATA 250ML SIX PACK NPAL .;27234;27234;576
19231;RED BULL SUGAR FREE BR LATA 250ML FOUR PACK NPAL .;2227287;27230;864
19321;GUARANA ANTARCTICA ZERO PET 200ML SH C/12;26257;26257;400
19668;ORIGINAL LATA 350ML SH C/12 NPAL;26296;26296;286
19729;STELLA ARTOIS LATA SLEEK 350ML C 8 CX CARTAO;26300;26300;400
2008;ANTARCTICA SUBZERO LATA 350ML SH C/12 NPAL;25153;#N/D;286
20217;ORIGINAL GFA VD 300ML CX C/23;26382;26382;90
20498;BRAHMA DUPLO MALATAE LATA SLEEK 350ML SH C 12;26432;26432;280
20530;STELLA ARTOIS 600 ML;26442;26442;84
20535;STELLA ARTOIS ONE WAY 600ML CX C/12 NPAL;26448;26448;80
20549;BRAHMA DUPLO MALATAE GFA VD 300ML CX C/23;26447;#N/D;90
20651;CORONA EXTRA N LATA SLEEK 350ML C 8 CX CARTAO;26475;78688;400
21020;BUDWEISER LATA SLEEK 350ML CX CART C 12;26577;26577;280
21119;SKOL BEATS GT LATA 269ML CX CARTAO C/8 NPAL;26606;26606;520
21441;SUKITA LIMAO PET 2L CAIXA C/6;26692;26692;100
21526;JOHNNIE WALKER RED LABEL GARRAFA VIDRO 1 L;6526078;#N/D;576
21527;TANQUERAY GIN LONDON DRY GARRAFA VIDRO 750ML;#N/D;#N/D;180
21529;ABSOLUT ORIGINAL GARRAFA VIDRO 1 L;710006;#N/D;480
21530;SMIRNOFF ORIGINAL GARRAFA VIDRO 998ML;942;#N/D;660
21632;SPATEN N LN 355ML SIXPACK SH C/4;26722;26722;84
21658;SPATEN N LATA SLEEK 350ML CX CART C 12;26727;26727;280
21668;SPATEN N ONE WAY 600ML CX C/12 NP ARTE;#N/D;26730;80
21778;JOHNNIE WALKER RED LABEL GARRAFA VIDRO 750ML;7249990;#N/D;720
21781;SMIRNOFF ICE GARRAFA VD 275ML CX C24;733367;#N/D;78
21787;DREHER GARRAFA VIDRO 900ML;2417;#N/D;720
21788;BALLANTINES FINEST GARRAFA VIDRO 1 L;6576462;#N/D;480
21791;PIRASSUNUNGA 51 GARRAFA VIDRO 965ML;#N/D;#N/D;840
21955;CHIVAS REGAL 12 ANOS GARRAFA VIDRO 1 L;710009;65;384
21968;TRIDENT HORTELA ENVELOPE 8G CX C/21;2170081;#N/D;3520
21970;TRIDENT MENTA ENVELOPE 8G CX C/21;170078;#N/D;3520
21973;TRIDENT MELANCIA ENVELOPE 8G CX C/21;2170002;#N/D;3520
21974;TRIDENT TUTTI-FRUTTI ENVELOPE 8G CX C/21;170079;#N/D;3520
22003;HALLS CEREJA ENVELOPE 28G CX C/21;190383;#N/D;1650
22005;HALLS MENTA ENVELOPE 28G CX C/21;190378;#N/D;1650
22007;HALLS EXTRA FORTE ENVELOPE 28G CX C/21;190377;#N/D;1650
22147;CAMPARI GARRAFA VIDRO 900ML;89703;#N/D;840
22177;BUDWEISER ZERO LATA SLEEK 350ML C 8 CX CARTAO;28218;28218;400
22180;BUDWEISER ZERO LONG NECK 330ML SIX-PACK SHRINK C/4;28413;28413;84
22514;BALLANTINES FINEST GARRAFA VIDRO 750ML;552770;#N/D;624
23184;PITU AGUARDENTE LATA 350ML CX C/12;6003022P00;490;242
23186;SPATEN N 600ML;27172;27172;84
2319;GUARANA CHP ANTARCTICA PET 1L CAIXA C/12;25171;25171;84
2320;SODA LIMONADA ANTARCTICA PET 1L CAIXA C/12;25172;25172;84
23269;SKOL BEATS GT LONG NECK 269ML SIX-PACK SH C/4;28270;28270;91
23271;SKOL BEATS SENSES LONG NECK 269ML SIX-PACK SH C/4;28169;28169;91
23443;PITU AGUARDENTE GARRAFA VIDRO 965ML;6001022L04;#N/D;624
2349;GUARANA CHP ANTARCTICA PET 2L CAIXA C/6;38866;25174;100
2350;SODA LIMONADA ANTARCTICA PET 2L CAIXA C/6;25175;25175;100
2353;GUARANA CHP ANTARCTICA DIET PET 2L CAIXA C/6;25176;25176;100
24161;S. JOAO BARRA CONHAQUE ALC. GARRAFA VIDRO 900ML;1248;#N/D;840
24168;MICHELOB ULATARA N LONG NECK 330ML SIX-PACK SHRINK C/4;29396;29396;84
24409;QUINTA DO MORGADO VINHO TINTO SUAVE GFA VD 750 ML;14196;#N/D;672
25151;OLD PARR WHISKY GFA VDR 1L;20468;#N/D;40
25160;BLACK & WHITE WHISKY GFA VDR 1L;51477;#N/D;660
25178;51 ICE LIMAO GARRAFA VD 275ML CX C24;13360;#N/D;128
25194;CACHACA 51 LATA 350ML CX C/12;530;#N/D;286
25254;CARANGUEJO CACHACA PRATA GFA VD 980 ML;545;#N/D;56
25256;CARANGUEJO CACHACA PRATA LATA 350ML CX C/12;511;511;200
25257;CARANGUEJO CACHACA OURO GFA VD 980 ML;114;#N/D;56
25259;CARANGUEJO CACHACA OURO LATA 350ML CX C/12;543;543;200
25265;CACHACA GOSTOSA GFA PET 480ML CX 12;29896;#N/D;165
2538;ANTARCTICA PILSEN 600ML;25186;25186;84
25429;MATUTA CACHACA CRISTAL GARRAFA VIDRO 1 L;#N/D;#N/D;624
25430;MATUTA CACHACA UMBURANA GARRAFA VIDRO 1 L;#N/D;#N/D;624
25434;MATUTA CACHACA MEL E LIMAO GARRAFA VIDRO 1 L;#N/D;#N/D;624
2546;ORIGINAL 600ML;25190;25190;84
2548;BUDWEISER 600ML;25191;25191;84
25700;FUSION PET 2L SHRINK C/6;92977;92977;100
26037;MONTILLA CARTA CRISTAL GFA VDR 1L;821;#N/D;576
26204;SPATEN N LATA 269ML CX CARTAO C/8 NPAL;36880;#N/D;520
26627;PITU AGUARDENTE GARRAFA VD 600ML;6000212B60;#N/D;816
26818;PITU LIMAO LATA 350ML CX C/12;494;#N/D;242
26941;PITU AGUARDENTE LATA DE ALUMINIO 473ML CX12;22665;#N/D;200
27001;GORDONS GIN DRY GFA VD 750 ML;#N/D;#N/D;64
27177;HALLS MENTOL ENVELOPE 28G CX C/21;190388;#N/D;1650
27179;HALLS MORANGO ENVELOPE 28G CX C/21;190384;#N/D;1650
27825;DOMUS CONHAQUE GARRAFA VIDRO 900ML;21449;#N/D;720
27866;CORONA CERO SUNBREW N LONG NECK 330 ML SP BASKET CX C4;40609;40609;84
29073;SKARLOFF VODKA GFA VDR 965ML CX 6;4070100100;#N/D;525
29342;DAFRUTA REFRESCO SABOR UVA TETRA PAK 200 ML CX C/27;#N/D;#N/D;162
29580;STELLA ARTOIS PURE GOLD LONG NECK 330ML SP SH C/4;43020;43020;84
29733;HALLS MELANCIA ENVELOPE 28G CX C/21;190417;#N/D;1650
29845;PEPSI BLACK PET 1 L SH C/12;43614;43614;84
29925;YPIOCA CACHACA PRATA SUAVE GFA DE VDRO 965ML;1180057;#N/D;600
30045;RED BULL BR LATA 473ML CX C 12;44091;44091;154
30148;TRELOSO BISCOITO RECHEADO CHOCOLATE PCT 120G CX/36;30148;#N/D;234
30152;TRELOSO BISCOITO RECHEADO MORANGO PCT 120G CX/36;75377;#N/D;234
30385;FORTALEZA CREAM CRACKER PCT 350G CX 24;32310;#N/D;60
31064;BUDWEISER LATA 269ML SH C 15;44834;44834;299
31667;YPE LAVA LOUCAS LIQUIDO NEUTRO FRASCO PLASTICO 500 ML C24;#N/D;#N/D;49
32067;GATORADE BERRY BLUE PET 500ML SIXPACK;46831;46831;294
32349;BEATS TROPICAL LATA 269ML CX CARTAO C/8 NPAL;47289;47289;520
32354;YPE LAVA LOUCAS LIQUIDO CLEAR FRASCO PLAST 500ML CX/6;32354;#N/D;117
32355;YPE LAVA LOUCAS LIQUIDO NEUTRO FRASCO PLAST 500ML CX/6;32355;#N/D;0
32500;STELLA ARTOIS PURE GOLD LATA SLEEK 350ML C 8 CX CARTAO;48048;48048;400
32785;CORONA EXTRA ONE WAY 600ML C/24;84722;84722;42
33212;SKOL BEATS SENSES PET 1 L SH C/06;85696;85696;150
33633;YPIOCA AGUARDENTE LATA PRATA 350ML SH C12;1380007;#N/D;242
33734;BEATS RED MIX LATA 269ML SH C/8;86821;86821;520
33738;BEATS RED MIX LONG NECK 269ML SIX-PACK SH C/2;86816;86816;182
33820;BRAHMA CHOPP LATA 350ML SH C/12 NPAL MULTIPACK .;88211;88211;286
33857;STELLA ARTOIS PURE GOLD 600ML;88318;88318;84
34027;GUARANA CHP ANTARCTICA LATA 350ML SH C/12 NPAL MULTIPACK;88624;88624;286
34137;BUDWEISER LATA 269ML SH C 15 MULTIPACK;88772;88772;299
34263;CORONA CERO SUNBREW N LATA SLEEK 350ML C 8 CX CARTAO;88959;88959;400
34296;TRIDENT CANELA ENVELOPE 8G CX C/21;170080;#N/D;552
34298;TRIDENT MORANGO ENVELOPE 8G CX C/21;170045;#N/D;117
34320;GUARANA ANTARCTICA ZERO LATA 350ML SH C/12 NPAL MULTIPACK;89070;89070;286
34410;HALLS UVA VERDE ENVELOPE 28G CX C/21;190371;#N/D;552
34454;H2OH LIMONETO LATA SLEEK 350ML SH C 12;89264;89264;280
34608;SKOL LATA 350ML SH C/12 NPAL MULTIPACK;89612;89612;286
34633;BONSABOR MACARRAO SPAGHETTI PCT PLAST 400G CX14;89543;#N/D;100
347;SUKITA PET 1L CAIXA C/12;25055;25055;84
35331;BUDWEISER GFA VD 1L;90711;90711;50
35617;BEATS GREEN MIX LATA 269ML SH C/8;90970;90970;520
35620;BEATS GREEN MIX LONG NECK 269ML SIX-PACK SH C/4;90971;#N/D;91
36024;SKOL ZERO LONG NECK 330ML SIX-PACK SHRINK C/4;91373;91373;84
36028;SKOL ZERO LATA SLEEK 350ML SH C 12;91384;91384;280
36275;MATUTA CACHACA MEL E LIMAO LATA 350 ML SH C/12;#N/D;#N/D;220
36277;MATUTA CACHACA CAIPIRINHA LATA 350 ML SH C/12;#N/D;#N/D;220
37204;VITARELLA WAFER RECHEIO BRIGADEIRO PCTE 80G;#N/D;#N/D;117
37450;BUDWEISER LATA SLEEK 350ML SH C 12 MULTIPACK;96003;96003;280
38404;CORONA EXTRA N LN 330ML SIXPACK;#N/D;#N/D;336
38405;BUDWEISER ZERO LONG NECK SIX PACK C/6;#N/D;#N/D;336
38406;CORONA CERO LONG NECK SIX PACK C/6;#N/D;#N/D;336
38601;TAMPICO REFRESCO FRUTAS CITRICAS GARRAFA PLAST 250ML SH C12;#N/D;#N/D;552
38603;TAMPICO REFRESCO UVA GARRAFA PLAST 250ML SH C12;#N/D;#N/D;552
38609;TAMPICO REFRESCO UVA GARRAFA PLAST 1L SH C6;#N/D;#N/D;117
38833;TAMPICO REFRESCO FRUTAS CITRICAS GARRAFA PLAST 1L SH C6;#N/D;#N/D;117
39024;STELLA ARTOIS PURE GOLD LN 330ML SIXPACK;#N/D;#N/D;336
39025;MICHELOB LONG NECK SIX PACK C/6;#N/D;#N/D;336
4262;MICHELOB ULATARA N LATA SLEEK 350ML C 8 CX CARTAO;28453;28453;400
4293;PEPSI BLACK PET 200ML SH C/12;28351;28351;400
4409;PEPSI TWIST PET 2L SHRINK C/6;25215;#N/D;100
503;SUKITA PET 2L CAIXA C/6;25059;25059;100
504;PEPSI COLA PET 2L CAIXA C/6;25042;25042;100
7325;PEPSI COLA PET 1L CAIXA C/12;25230;25230;84
7945;PEPSI COLA PET 2,5L CAIXA C/6;25243;25243;64
7947;GUARANA CHP ANTARCTICA PET 2,5L CAIXA C/6;25244;25244;64
7977;GATORADE UVA PET 500ML SIXPACK;25040;25040;294
7980;GATORADE TANGERINA PET 500ML SIXPACK;25039;25039;294
7981;GATORADE LARANJA PET 500ML SIXPACK;25246;25246;294
7982;GATORADE LIMAO PET 500ML SIXPACK;25247;25247;294
7983;GATORADE MORANGO-MARACUJA PET 500ML SIXPACK;25248;25248;294
828;CHOPP BRAHMA CLARO BARRIL KEG 30L;25064;#N/D;360
838;CHOPP BRAHMA CLARO BARRIL KEG 50L;25066;#N/D;800
8411;GUARANA CHP ANTARCTICA PET 1,5 SHRINK C/6;25256;#N/D;115
8791;H2OH LIMAO C/GAS PET 500ML CAIXA C/12;25263;25263;168
9067;ANTARCTICA PILSEN LATA 350ML SH C/12 NPAL;25273;25273;286
9068;SKOL LATA 350ML SH C/12 NPAL;38992;25274;286
9069;BRAHMA CHOPP LATA 350ML SH C/12 NPAL;25275;25275;286
9072;BOHEMIA NOVA EMBALAGEM LATA 350ML SH C/12 NPAL;#N/D;25277;286
9084;GUARANA CHP ANTARCTICA LATA 350ML SH C/12 NPAL;25283;25283;286
9085;GUARANA CHP ANTARCTICA DIET LATA 350ML SH C/12 NPAL;25284;25284;286
9087;SODA LIMONADA ANTARCTICA LATA 350ML SH C/12 NPAL;25285;25285;286
9089;SUKITA LATA 350ML SH C/12 NPAL;39005;25287;286
9091;TONICA ANTARCTICA LATA 350ML SH C/12 NPAL;25289;25289;286
9092;TONICA ANTARCTICA DIET LATA 350ML SH C/12 NPAL;25290;25290;286
9096;PEPSI COLA LATA 350ML SH C/12 NPAL;25293;25293;286
9142;AGUA M STER BOM S/GAS PET 510ML CAIXA C/12;#N/D;#N/D;174
9146;AGUA M STER BOM G/GAS PET 510ML CAIXA C/12;2037;#N/D;154
9148;AGUA M STER BOM S/GAS PET 1,5L CAIXA C/6;#N/D;#N/D;98
9274;PEPSI ZERO LATA 350ML SH C/12 NPAL;25531;25531;286
9276;PEPSI ZERO PET 2L CAIXA C/6;25530;25530;100
9795;GUARANA ANTARCTICA ZERO PET 1L CAIXA C/12;25326;25326;84
982;SKOL 600ML;25076;25076;84
988;BRAHMA CHOPP 600ML;25078;25078;84
